Workbook

Sheet Read Me
A1: REAL-TIME INVENTORY TRACKING SIMULATION
A3: Purpose | B3: A one-week, manual-entry warehouse inventory simulation using formula-driven stock balances.
A4: Simulation period | B4: 05-Oct-2026 to 11-Oct-2026 (sample data; replace with your own transactions if required).
A5: How to use | B5: Enter each receipt, issue, or transfer as a new row on the Transactions sheet. Keep Transaction IDs unique.
A6: Receipt | B6: Adds the quantity to the item's total stock.
A7: Issue | B7: Subtracts the quantity from the item's total stock. Do not issue more than available stock.
A8: Transfer | B8: Represents movement between internal locations. It does not change total inventory; source and destination are recorded.
A9: Live update | B9: Stock Summary calculates receipt totals, issue totals, and current balance from the Transactions sheet.
A10: Controls | B10: Drop-down lists, unique transaction IDs, mandatory references, negative-stock warning, and documented user/timestamp fields support traceability.
A11: Important | B11: This is a spreadsheet simulation, not a live connected warehouse system. Excel recalculates formulas when transactions are entered.
A12: Formula note | B12: The summary uses SUMIFS; transaction rows include signed quantity formulas for Receipts and Issues. Transfers have zero net total effect.

Sheet Transactions
A1: Transaction ID | B1: Date | C1: Time | D1: Timestamp | E1: SKU | F1: Product | G1: Transaction Type | H1: Quantity | I1: From Location | J1: To Location | K1: Reference / PO / SO | L1: Entered By | M1: Notes | N1: Signed Qty | O1: Data Check
A2: TXN-001 | B2: 46300 | C2: 09:05 | D2: =B2+C2 | E2: SKU-1001 | F2: Wireless Mouse | G2: Receipt | H2: 40 | I2: Receiving Dock | J2: A-01 | K2: PO-701 | L2: A. Khan | M2: Received 40 units; quantity checked | N2: =IF(G2="Receipt",H2,IF(G2="Issue",-H2,0)) | O2: =IF(A2="","MISSING ID",IF(COUNTIF($A$2:$A$201,A2)>1,"DUPLICATE ID",IF(OR(B2="",C2="",E2="",G2="",H2<=0,L2="",K2=""),"CHECK REQUIRED",IF(AND(G2="Transfer",OR(I2="",J2="",I2=J2)),"CHECK TRANSFER","OK"))))
A3: TXN-002 | B3: 46300 | C3: 10:20 | D3: =B3+C3 | E3: SKU-1002 | F3: USB Keyboard | G3: Issue | H3: 12 | I3: A-02 | J3: Dispatch Bay | K3: SO-501 | L3: S. Ali | M3: Order packed and dispatched | N3: =IF(G3="Receipt",H3,IF(G3="Issue",-H3,0)) | O3: =IF(A3="","MISSING ID",IF(COUNTIF($A$2:$A$201,A3)>1,"DUPLICATE ID",IF(OR(B3="",C3="",E3="",G3="",H3<=0,L3="",K3=""),"CHECK REQUIRED",IF(AND(G3="Transfer",OR(I3="",J3="",I3=J3)),"CHECK TRANSFER","OK"))))
A4: TXN-003 | B4: 46300 | C4: 11:10 | D4: =B4+C4 | E4: SKU-1003 | F4: HDMI Cable 2m | G4: Issue | H4: 25 | I4: B-01 | J4: Dispatch Bay | K4: SO-502 | L4: M. Noor | M4: Customer shipment | N4: =IF(G4="Receipt",H4,IF(G4="Issue",-H4,0)) | O4: =IF(A4="","MISSING ID",IF(COUNTIF($A$2:$A$201,A4)>1,"DUPLICATE ID",IF(OR(B4="",C4="",E4="",G4="",H4<=0,L4="",K4=""),"CHECK REQUIRED",IF(AND(G4="Transfer",OR(I4="",J4="",I4=J4)),"CHECK TRANSFER","OK"))))
A5: TXN-004 | B5: 46301 | C5: 09:15 | D5: =B5+C5 | E5: SKU-1004 | F5: Laptop Stand | G5: Receipt | H5: 20 | I5: Receiving Dock | J5: B-02 | K5: PO-702 | L5: A. Khan | M5: Supplier delivery inspected | N5: =IF(G5="Receipt",H5,IF(G5="Issue",-H5,0)) | O5: =IF(A5="","MISSING ID",IF(COUNTIF($A$2:$A$201,A5)>1,"DUPLICATE ID",IF(OR(B5="",C5="",E5="",G5="",H5<=0,L5="",K5=""),"CHECK REQUIRED",IF(AND(G5="Transfer",OR(I5="",J5="",I5=J5)),"CHECK TRANSFER","OK"))))
A6: TXN-005 | B6: 46301 | C6: 10:35 | D6: =B6+C6 | E6: SKU-1001 | F6: Wireless Mouse | G6: Issue | H6: 18 | I6: A-01 | J6: Dispatch Bay | K6: SO-503 | L6: S. Ali | M6: Order dispatched | N6: =IF(G6="Receipt",H6,IF(G6="Issue",-H6,0)) | O6: =IF(A6="","MISSING ID",IF(COUNTIF($A$2:$A$201,A6)>1,"DUPLICATE ID",IF(OR(B6="",C6="",E6="",G6="",H6<=0,L6="",K6=""),"CHECK REQUIRED",IF(AND(G6="Transfer",OR(I6="",J6="",I6=J6)),"CHECK TRANSFER","OK"))))
A7: TXN-006 | B7: 46301 | C7: 13:00 | D7: =B7+C7 | E7: SKU-1005 | F7: USB-C Charger | G7: Transfer | H7: 15 | I7: C-01 | J7: C-03 | K7: TR-101 | L7: M. Noor | M7: Internal relocation; net stock unchanged | N7: =IF(G7="Receipt",H7,IF(G7="Issue",-H7,0)) | O7: =IF(A7="","MISSING ID",IF(COUNTIF($A$2:$A$201,A7)>1,"DUPLICATE ID",IF(OR(B7="",C7="",E7="",G7="",H7<=0,L7="",K7=""),"CHECK REQUIRED",IF(AND(G7="Transfer",OR(I7="",J7="",I7=J7)),"CHECK TRANSFER","OK"))))
A8: TXN-007 | B8: 46302 | C8: 08:55 | D8: =B8+C8 | E8: SKU-1002 | F8: USB Keyboard | G8: Receipt | H8: 30 | I8: Receiving Dock | J8: A-02 | K8: PO-703 | L8: A. Khan | M8: Received against purchase order | N8: =IF(G8="Receipt",H8,IF(G8="Issue",-H8,0)) | O8: =IF(A8="","MISSING ID",IF(COUNTIF($A$2:$A$201,A8)>1,"DUPLICATE ID",IF(OR(B8="",C8="",E8="",G8="",H8<=0,L8="",K8=""),"CHECK REQUIRED",IF(AND(G8="Transfer",OR(I8="",J8="",I8=J8)),"CHECK TRANSFER","OK"))))
A9: TXN-008 | B9: 46302 | C9: 10:10 | D9: =B9+C9 | E9: SKU-1003 | F9: HDMI Cable 2m | G9: Issue | H9: 35 | I9: B-01 | J9: Dispatch Bay | K9: SO-504 | L9: S. Ali | M9: Customer shipment | N9: =IF(G9="Receipt",H9,IF(G9="Issue",-H9,0)) | O9: =IF(A9="","MISSING ID",IF(COUNTIF($A$2:$A$201,A9)>1,"DUPLICATE ID",IF(OR(B9="",C9="",E9="",G9="",H9<=0,L9="",K9=""),"CHECK REQUIRED",IF(AND(G9="Transfer",OR(I9="",J9="",I9=J9)),"CHECK TRANSFER","OK"))))
A10: TXN-009 | B10: 46302 | C10: 14:25 | D10: =B10+C10 | E10: SKU-1005 | F10: USB-C Charger | G10: Issue | H10: 20 | I10: C-01 | J10: Dispatch Bay | K10: SO-505 | L10: M. Noor | M10: Order dispatched | N10: =IF(G10="Receipt",H10,IF(G10="Issue",-H10,0)) | O10: =IF(A10="","MISSING ID",IF(COUNTIF($A$2:$A$201,A10)>1,"DUPLICATE ID",IF(OR(B10="",C10="",E10="",G10="",H10<=0,L10="",K10=""),"CHECK REQUIRED",IF(AND(G10="Transfer",OR(I10="",J10="",I10=J10)),"CHECK TRANSFER","OK"))))
A11: TXN-010 | B11: 46303 | C11: 09:30 | D11: =B11+C11 | E11: SKU-1004 | F11: Laptop Stand | G11: Issue | H11: 10 | I11: B-02 | J11: Dispatch Bay | K11: SO-506 | L11: S. Ali | M11: Order dispatched | N11: =IF(G11="Receipt",H11,IF(G11="Issue",-H11,0)) | O11: =IF(A11="","MISSING ID",IF(COUNTIF($A$2:$A$201,A11)>1,"DUPLICATE ID",IF(OR(B11="",C11="",E11="",G11="",H11<=0,L11="",K11=""),"CHECK REQUIRED",IF(AND(G11="Transfer",OR(I11="",J11="",I11=J11)),"CHECK TRANSFER","OK"))))
A12: TXN-011 | B12: 46303 | C12: 11:45 | D12: =B12+C12 | E12: SKU-1001 | F12: Wireless Mouse | G12: Receipt | H12: 25 | I12: Receiving Dock | J12: A-01 | K12: PO-704 | L12: A. Khan | M12: Top-up stock received | N12: =IF(G12="Receipt",H12,IF(G12="Issue",-H12,0)) | O12: =IF(A12="","MISSING ID",IF(COUNTIF($A$2:$A$201,A12)>1,"DUPLICATE ID",IF(OR(B12="",C12="",E12="",G12="",H12<=0,L12="",K12=""),"CHECK REQUIRED",IF(AND(G12="Transfer",OR(I12="",J12="",I12=J12)),"CHECK TRANSFER","OK"))))
A13: TXN-012 | B13: 46303 | C13: 15:05 | D13: =B13+C13 | E13: SKU-1002 | F13: USB Keyboard | G13: Transfer | H13: 10 | I13: A-02 | J13: A-04 | K13: TR-102 | L13: M. Noor | M13: Internal relocation; net stock unchanged | N13: =IF(G13="Receipt",H13,IF(G13="Issue",-H13,0)) | O13: =IF(A13="","MISSING ID",IF(COUNTIF($A$2:$A$201,A13)>1,"DUPLICATE ID",IF(OR(B13="",C13="",E13="",G13="",H13<=0,L13="",K13=""),"CHECK REQUIRED",IF(AND(G13="Transfer",OR(I13="",J13="",I13=J13)),"CHECK TRANSFER","OK"))))
... A21: TXN-020 | B21: 46306 | C21: 12:15 | D21: =B21+C21 | E21: SKU-1001 | F21: Wireless Mouse | G21: Issue | H21: 15 | I21: A-01 | J21: Dispatch Bay | K21: SO-510 | L21: S. Ali | M21: Weekend dispatch simulation | N21: =IF(G21="Receipt",H21,IF(G21="Issue",-H21,0)) | O21: =IF(A21="","MISSING ID",IF(COUNTIF($A$2:$A$201,A21)>1,"DUPLICATE ID",IF(OR(B21="",C21="",E21="",G21="",H21<=0,L21="",K21=""),"CHECK REQUIRED",IF(AND(G21="Transfer",OR(I21="",J21="",I21=J21)),"CHECK TRANSFER","OK"))))
D22: =IF(OR(B22="",C22=""),"",B22+C22) | N22: =IF(G22="Receipt",H22,IF(G22="Issue",-H22,0)) | O22: =IF(A22="","",IF(COUNTIF($A$2:$A$201,A22)>1,"DUPLICATE ID",IF(OR(B22="",C22="",E22="",G22="",H22<=0,L22="",K22=""),"CHECK REQUIRED",IF(AND(G22="Transfer",OR(I22="",J22="",I22=J22)),"CHECK TRANSFER","OK"))))
D23: =IF(OR(B23="",C23=""),"",B23+C23) | N23: =IF(G23="Receipt",H23,IF(G23="Issue",-H23,0)) | O23: =IF(A23="","",IF(COUNTIF($A$2:$A$201,A23)>1,"DUPLICATE ID",IF(OR(B23="",C23="",E23="",G23="",H23<=0,L23="",K23=""),"CHECK REQUIRED",IF(AND(G23="Transfer",OR(I23="",J23="",I23=J23)),"CHECK TRANSFER","OK"))))
D24: =IF(OR(B24="",C24=""),"",B24+C24) | N24: =IF(G24="Receipt",H24,IF(G24="Issue",-H24,0)) | O24: =IF(A24="","",IF(COUNTIF($A$2:$A$201,A24)>1,"DUPLICATE ID",IF(OR(B24="",C24="",E24="",G24="",H24<=0,L24="",K24=""),"CHECK REQUIRED",IF(AND(G24="Transfer",OR(I24="",J24="",I24=J24)),"CHECK TRANSFER","OK"))))
D25: =IF(OR(B25="",C25=""),"",B25+C25) | N25: =IF(G25="Receipt",H25,IF(G25="Issue",-H25,0)) | O25: =IF(A25="","",IF(COUNTIF($A$2:$A$201,A25)>1,"DUPLICATE ID",IF(OR(B25="",C25="",E25="",G25="",H25<=0,L25="",K25=""),"CHECK REQUIRED",IF(AND(G25="Transfer",OR(I25="",J25="",I25=J25)),"CHECK TRANSFER","OK"))))
D26: =IF(OR(B26="",C26=""),"",B26+C26) | N26: =IF(G26="Receipt",H26,IF(G26="Issue",-H26,0)) | O26: =IF(A26="","",IF(COUNTIF($A$2:$A$201,A26)>1,"DUPLICATE ID",IF(OR(B26="",C26="",E26="",G26="",H26<=0,L26="",K26=""),"CHECK REQUIRED",IF(AND(G26="Transfer",OR(I26="",J26="",I26=J26)),"CHECK TRANSFER","OK"))))
D27: =IF(OR(B27="",C27=""),"",B27+C27) | N27: =IF(G27="Receipt",H27,IF(G27="Issue",-H27,0)) | O27: =IF(A27="","",IF(COUNTIF($A$2:$A$201,A27)>1,"DUPLICATE ID",IF(OR(B27="",C27="",E27="",G27="",H27<=0,L27="",K27=""),"CHECK REQUIRED",IF(AND(G27="Transfer",OR(I27="",J27="",I27=J27)),"CHECK TRANSFER","OK"))))
D28: =IF(OR(B28="",C28=""),"",B28+C28) | N28: =IF(G28="Receipt",H28,IF(G28="Issue",-H28,0)) | O28: =IF(A28="","",IF(COUNTIF($A$2:$A$201,A28)>1,"DUPLICATE ID",IF(OR(B28="",C28="",E28="",G28="",H28<=0,L28="",K28=""),"CHECK REQUIRED",IF(AND(G28="Transfer",OR(I28="",J28="",I28=J28)),"CHECK TRANSFER","OK"))))
D29: =IF(OR(B29="",C29=""),"",B29+C29) | N29: =IF(G29="Receipt",H29,IF(G29="Issue",-H29,0)) | O29: =IF(A29="","",IF(COUNTIF($A$2:$A$201,A29)>1,"DUPLICATE ID",IF(OR(B29="",C29="",E29="",G29="",H29<=0,L29="",K29=""),"CHECK REQUIRED",IF(AND(G29="Transfer",OR(I29="",J29="",I29=J29)),"CHECK TRANSFER","OK"))))
D30: =IF(OR(B30="",C30=""),"",B30+C30) | N30: =IF(G30="Receipt",H30,IF(G30="Issue",-H30,0)) | O30: =IF(A30="","",IF(COUNTIF($A$2:$A$201,A30)>1,"DUPLICATE ID",IF(OR(B30="",C30="",E30="",G30="",H30<=0,L30="",K30=""),"CHECK REQUIRED",IF(AND(G30="Transfer",OR(I30="",J30="",I30=J30)),"CHECK TRANSFER","OK"))))
D31: =IF(OR(B31="",C31=""),"",B31+C31) | N31: =IF(G31="Receipt",H31,IF(G31="Issue",-H31,0)) | O31: =IF(A31="","",IF(COUNTIF($A$2:$A$201,A31)>1,"DUPLICATE ID",IF(OR(B31="",C31="",E31="",G31="",H31<=0,L31="",K31=""),"CHECK REQUIRED",IF(AND(G31="Transfer",OR(I31="",J31="",I31=J31)),"CHECK TRANSFER","OK"))))
D32: =IF(OR(B32="",C32=""),"",B32+C32) | N32: =IF(G32="Receipt",H32,IF(G32="Issue",-H32,0)) | O32: =IF(A32="","",IF(COUNTIF($A$2:$A$201,A32)>1,"DUPLICATE ID",IF(OR(B32="",C32="",E32="",G32="",H32<=0,L32="",K32=""),"CHECK REQUIRED",IF(AND(G32="Transfer",OR(I32="",J32="",I32=J32)),"CHECK TRANSFER","OK"))))
D33: =IF(OR(B33="",C33=""),"",B33+C33) | N33: =IF(G33="Receipt",H33,IF(G33="Issue",-H33,0)) | O33: =IF(A33="","",IF(COUNTIF($A$2:$A$201,A33)>1,"DUPLICATE ID",IF(OR(B33="",C33="",E33="",G33="",H33<=0,L33="",K33=""),"CHECK REQUIRED",IF(AND(G33="Transfer",OR(I33="",J33="",I33=J33)),"CHECK TRANSFER","OK"))))
... D201: =IF(OR(B201="",C201=""),"",B201+C201) | N201: =IF(G201="Receipt",H201,IF(G201="Issue",-H201,0)) | O201: =IF(A201="","",IF(COUNTIF($A$2:$A$201,A201)>1,"DUPLICATE ID",IF(OR(B201="",C201="",E201="",G201="",H201<=0,L201="",K201=""),"CHECK REQUIRED",IF(AND(G201="Transfer",OR(I201="",J201="",I201=J201)),"CHECK TRANSFER","OK"))))

Sheet Stock Summary
A1: SKU | B1: Product | C1: Category | D1: Opening Stock | E1: Receipts | F1: Issues | G1: Current Stock | H1: Reorder Level | I1: Status | J1: Primary Location
A2: SKU-1001 | B2: Wireless Mouse | C2: Electronics | D2: 120 | E2: =SUMIFS(Transactions!$H$2:$H$201,Transactions!$E$2:$E$201,A2,Transactions!$G$2:$G$201,"Receipt") | F2: =SUMIFS(Transactions!$H$2:$H$201,Transactions!$E$2:$E$201,A2,Transactions!$G$2:$G$201,"Issue") | G2: =D2+E2-F2 | H2: 30 | I2: =IF(G2<0,"NEGATIVE STOCK",IF(G2<=H2,"REORDER","OK")) | J2: A-01
A3: SKU-1002 | B3: USB Keyboard | C3: Electronics | D3: 80 | E3: =SUMIFS(Transactions!$H$2:$H$201,Transactions!$E$2:$E$201,A3,Transactions!$G$2:$G$201,"Receipt") | F3: =SUMIFS(Transactions!$H$2:$H$201,Transactions!$E$2:$E$201,A3,Transactions!$G$2:$G$201,"Issue") | G3: =D3+E3-F3 | H3: 20 | I3: =IF(G3<0,"NEGATIVE STOCK",IF(G3<=H3,"REORDER","OK")) | J3: A-02
A4: SKU-1003 | B4: HDMI Cable 2m | C4: Accessories | D4: 150 | E4: =SUMIFS(Transactions!$H$2:$H$201,Transactions!$E$2:$E$201,A4,Transactions!$G$2:$G$201,"Receipt") | F4: =SUMIFS(Transactions!$H$2:$H$201,Transactions!$E$2:$E$201,A4,Transactions!$G$2:$G$201,"Issue") | G4: =D4+E4-F4 | H4: 40 | I4: =IF(G4<0,"NEGATIVE STOCK",IF(G4<=H4,"REORDER","OK")) | J4: B-01
A5: SKU-1004 | B5: Laptop Stand | C5: Accessories | D5: 60 | E5: =SUMIFS(Transactions!$H$2:$H$201,Transactions!$E$2:$E$201,A5,Transactions!$G$2:$G$201,"Receipt") | F5: =SUMIFS(Transactions!$H$2:$H$201,Transactions!$E$2:$E$201,A5,Transactions!$G$2:$G$201,"Issue") | G5: =D5+E5-F5 | H5: 15 | I5: =IF(G5<0,"NEGATIVE STOCK",IF(G5<=H5,"REORDER","OK")) | J5: B-02
A6: SKU-1005 | B6: USB-C Charger | C6: Electronics | D6: 90 | E6: =SUMIFS(Transactions!$H$2:$H$201,Transactions!$E$2:$E$201,A6,Transactions!$G$2:$G$201,"Receipt") | F6: =SUMIFS(Transactions!$H$2:$H$201,Transactions!$E$2:$E$201,A6,Transactions!$G$2:$G$201,"Issue") | G6: =D6+E6-F6 | H6: 25 | I6: =IF(G6<0,"NEGATIVE STOCK",IF(G6<=H6,"REORDER","OK")) | J6: C-01

Sheet Weekly Dashboard
A1: WEEKLY INVENTORY DASHBOARD
A2: Metric | B2: Formula / Value
A3: Total opening stock | B3: =SUM('Stock Summary'!D2:D6)
A4: Total receipts | B4: =SUM('Stock Summary'!E2:E6)
A5: Total issues | B5: =SUM('Stock Summary'!F2:F6)
A6: Current stock on hand | B6: =SUM('Stock Summary'!G2:G6)
A7: Transactions recorded | B7: =COUNTA(Transactions!A2:A201)
A8: Rows needing review | B8: =COUNTIF(Transactions!O2:O201,"CHECK REQUIRED")+COUNTIF(Transactions!O2:O201,"DUPLICATE ID")+COUNTIF(Transactions!O2:O201,"CHECK TRANSFER")
A11: Weekly simulation notes
A12: Receipts increase stock, issues decrease stock, and internal transfers are recorded for location traceability without changing total stock.
